epsiode,reward
0,-10.840969723658102
1,-49.305517107802096
2,-10.980062295582929
3,-31.413373031277267
4,-0.4994215304382551
5,-20.04449790676518
6,-11.230413263142726
7,-23.556693074617964
8,-11.030868378634706
9,-35.739570742920776
10,-16.890642911379224
11,7.243531294072519
12,-11.278405373508832
13,-33.17174835341164
